{
    "nodes": [
        0
    ],
    "connections": {
        "(-1, 0)": {
            "weight": 0.0196580717476464,
            "enabled": true
        },
        "(-2, 0)": {
            "weight": 0.47854564689170476,
            "enabled": true
        },
        "(-3, 0)": {
            "weight": -0.5243839489589708,
            "enabled": true
        }
    }
}